"",BBK01.WT3449,BBK01.WT3449_FLAGS
"",Term structure of interest rates on listed Federal securities (method by Svensson) / residual maturity of 20.0 years / daily data,
unit,PROZENT,
unit multiplier,one,
last update,2018-09-27 12:13:00,
2010-08-01,.,No value available
2010-08-02,3.58,
2010-08-03,3.56,
2010-08-04,3.48,
2010-08-05,3.46,
2010-08-06,3.42,
2010-08-07,.,No value available
2010-08-08,.,No value available
2010-08-09,3.38,
2010-08-10,3.43,
2010-08-11,3.40,
2010-08-12,3.35,
2010-08-13,3.36,
2010-08-14,.,No value available
2010-08-15,.,No value available
2010-08-16,3.29,
2010-08-17,3.24,
2010-08-18,3.17,
2010-08-19,3.20,
2010-08-20,3.13,
2010-08-21,.,No value available
2010-08-22,.,No value available
2010-08-23,3.09,
2010-08-24,3.04,
2010-08-25,2.93,
2010-08-26,2.88,
2010-08-27,2.76,
2010-08-28,.,No value available
2010-08-29,.,No value available
2010-08-30,2.84,
2010-08-31,2.82,
2010-09-01,2.89,
2010-09-02,3.03,
2010-09-03,3.09,
2010-09-04,.,No value available
2010-09-05,.,No value available
2010-09-06,3.15,
2010-09-07,3.08,
2010-09-08,2.98,
2010-09-09,3.08,
2010-09-10,3.11,
2010-09-11,.,No value available
2010-09-12,.,No value available
2010-09-13,3.25,
2010-09-14,3.14,
2010-09-15,3.20,
2010-09-16,3.28,
2010-09-17,3.33,
2010-09-18,.,No value available
2010-09-19,.,No value available
2010-09-20,3.30,
2010-09-21,3.27,
2010-09-22,3.13,
2010-09-23,3.12,
2010-09-24,3.11,
2010-09-25,.,No value available
2010-09-26,.,No value available
2010-09-27,3.14,
2010-09-28,3.08,
2010-09-29,3.06,
2010-09-30,3.06,
2010-10-01,3.07,
2010-10-02,.,No value available
2010-10-03,.,No value available
2010-10-04,3.02,
2010-10-05,3.02,
2010-10-06,3.04,
2010-10-07,3.07,
2010-10-08,3.08,
2010-10-09,.,No value available
2010-10-10,.,No value available
2010-10-11,3.10,
2010-10-12,3.04,
2010-10-13,3.12,
2010-10-14,3.13,
2010-10-15,3.18,
2010-10-16,.,No value available
2010-10-17,.,No value available
2010-10-18,3.21,
2010-10-19,3.24,
2010-10-20,3.20,
2010-10-21,3.21,
2010-10-22,3.21,
2010-10-23,.,No value available
2010-10-24,.,No value available
2010-10-25,3.20,
2010-10-26,3.21,
2010-10-27,3.25,
2010-10-28,3.28,
2010-10-29,3.26,
2010-10-30,.,No value available
2010-10-31,.,No value available
2010-11-01,3.18,
2010-11-02,3.14,
2010-11-03,3.11,
2010-11-04,3.23,
2010-11-05,3.17,
2010-11-06,.,No value available
2010-11-07,.,No value available
2010-11-08,3.19,
2010-11-09,3.18,
2010-11-10,3.24,
2010-11-11,3.21,
2010-11-12,3.28,
2010-11-13,.,No value available
2010-11-14,.,No value available
2010-11-15,3.34,
2010-11-16,3.37,
2010-11-17,3.39,
2010-11-18,3.44,
2010-11-19,3.46,
2010-11-20,.,No value available
2010-11-21,.,No value available
2010-11-22,3.46,
2010-11-23,3.40,
2010-11-24,3.34,
2010-11-25,3.45,
2010-11-26,3.45,
2010-11-27,.,No value available
2010-11-28,.,No value available
2010-11-29,3.51,
2010-11-30,3.41,
2010-12-01,3.48,
2010-12-02,3.54,
2010-12-03,3.55,
2010-12-04,.,No value available
2010-12-05,.,No value available
2010-12-06,3.60,
2010-12-07,3.67,
2010-12-08,3.77,
2010-12-09,3.67,
2010-12-10,3.65,
2010-12-11,.,No value available
2010-12-12,.,No value available
2010-12-13,3.66,
2010-12-14,3.71,
2010-12-15,3.77,
2010-12-16,3.77,
2010-12-17,3.76,
2010-12-18,.,No value available
2010-12-19,.,No value available
2010-12-20,3.74,
2010-12-21,3.70,
2010-12-22,3.72,
2010-12-23,3.69,
2010-12-24,.,No value available
2010-12-25,.,No value available
2010-12-26,.,No value available
2010-12-27,3.78,
2010-12-28,3.70,
2010-12-29,3.74,
2010-12-30,3.72,
2010-12-31,.,No value available
2011-01-01,.,No value available
2011-01-02,.,No value available
2011-01-03,3.70,
2011-01-04,3.67,
2011-01-05,3.61,
2011-01-06,3.75,
2011-01-07,3.70,
2011-01-08,.,No value available
2011-01-09,.,No value available
2011-01-10,3.69,
2011-01-11,3.67,
2011-01-12,3.75,
2011-01-13,3.80,
2011-01-14,3.74,
2011-01-15,.,No value available
2011-01-16,.,No value available
2011-01-17,3.76,
2011-01-18,3.78,
2011-01-19,3.82,
2011-01-20,3.82,
2011-01-21,3.84,
2011-01-22,.,No value available
2011-01-23,.,No value available
2011-01-24,3.84,
2011-01-25,3.80,
2011-01-26,3.87,
2011-01-27,3.86,
2011-01-28,3.87,
2011-01-29,.,No value available
2011-01-30,.,No value available
2011-01-31,3.83,
2011-02-01,3.90,
2011-02-02,3.93,
2011-02-03,3.95,
2011-02-04,3.94,
2011-02-05,.,No value available
2011-02-06,.,No value available
2011-02-07,3.98,
2011-02-08,3.95,
2011-02-09,4.01,
2011-02-10,4.01,
2011-02-11,4.01,
2011-02-12,.,No value available
2011-02-13,.,No value available
2011-02-14,4.04,
2011-02-15,4.06,
2011-02-16,4.00,
2011-02-17,3.97,
2011-02-18,3.94,
2011-02-19,.,No value available
2011-02-20,.,No value available
2011-02-21,3.93,
2011-02-22,3.87,
2011-02-23,3.85,
2011-02-24,3.83,
2011-02-25,3.86,
2011-02-26,.,No value available
2011-02-27,.,No value available
2011-02-28,3.84,
2011-03-01,3.88,
2011-03-02,3.86,
2011-03-03,3.93,
2011-03-04,3.95,
2011-03-05,.,No value available
2011-03-06,.,No value available
2011-03-07,3.96,
2011-03-08,3.96,
2011-03-09,3.95,
2011-03-10,3.92,
2011-03-11,3.86,
2011-03-12,.,No value available
2011-03-13,.,No value available
2011-03-14,3.92,
2011-03-15,3.78,
2011-03-16,3.80,
2011-03-17,3.82,
2011-03-18,3.86,
2011-03-19,.,No value available
2011-03-20,.,No value available
2011-03-21,3.92,
2011-03-22,3.97,
2011-03-23,3.94,
2011-03-24,3.95,
2011-03-25,3.99,
2011-03-26,.,No value available
2011-03-27,.,No value available
2011-03-28,4.02,
2011-03-29,4.01,
2011-03-30,4.04,
2011-03-31,4.02,
2011-04-01,4.06,
2011-04-02,.,No value available
2011-04-03,.,No value available
2011-04-04,4.07,
2011-04-05,4.06,
2011-04-06,4.08,
2011-04-07,4.15,
2011-04-08,4.16,
2011-04-09,.,No value available
2011-04-10,.,No value available
2011-04-11,4.20,
2011-04-12,4.17,
2011-04-13,4.16,
2011-04-14,4.12,
2011-04-15,4.11,
2011-04-16,.,No value available
2011-04-17,.,No value available
2011-04-18,4.04,
2011-04-19,3.99,
2011-04-20,4.02,
2011-04-21,4.03,
2011-04-22,.,No value available
2011-04-23,.,No value available
2011-04-24,.,No value available
2011-04-25,.,No value available
2011-04-26,3.99,
2011-04-27,3.99,
2011-04-28,3.99,
2011-04-29,3.95,
2011-04-30,.,No value available
2011-05-01,.,No value available
2011-05-02,3.94,
2011-05-03,3.93,
2011-05-04,3.95,
2011-05-05,3.99,
2011-05-06,3.88,
2011-05-07,.,No value available
2011-05-08,.,No value available
2011-05-09,3.84,
2011-05-10,3.83,
2011-05-11,3.86,
2011-05-12,3.82,
2011-05-13,3.85,
2011-05-14,.,No value available
2011-05-15,.,No value available
2011-05-16,3.80,
2011-05-17,3.87,
2011-05-18,3.82,
2011-05-19,3.84,
2011-05-20,3.84,
2011-05-21,.,No value available
2011-05-22,.,No value available
2011-05-23,3.74,
2011-05-24,3.77,
2011-05-25,3.77,
2011-05-26,3.78,
2011-05-27,3.72,
2011-05-28,.,No value available
2011-05-29,.,No value available
2011-05-30,3.73,
2011-05-31,3.77,
2011-06-01,3.79,
2011-06-02,3.73,
2011-06-03,3.75,
2011-06-04,.,No value available
2011-06-05,.,No value available
2011-06-06,3.75,
2011-06-07,3.78,
2011-06-08,3.81,
2011-06-09,3.79,
2011-06-10,3.78,
2011-06-11,.,No value available
2011-06-12,.,No value available
2011-06-13,3.78,
2011-06-14,3.79,
2011-06-15,3.85,
2011-06-16,3.80,
2011-06-17,3.83,
2011-06-18,.,No value available
2011-06-19,.,No value available
2011-06-20,3.81,
2011-06-21,3.86,
2011-06-22,3.90,
2011-06-23,3.87,
2011-06-24,3.82,
2011-06-25,.,No value available
2011-06-26,.,No value available
2011-06-27,3.83,
2011-06-28,3.85,
2011-06-29,3.91,
2011-06-30,3.94,
2011-07-01,3.93,
2011-07-02,.,No value available
2011-07-03,.,No value available
2011-07-04,3.88,
2011-07-05,3.86,
2011-07-06,3.80,
2011-07-07,3.80,
2011-07-08,3.79,
2011-07-09,.,No value available
2011-07-10,.,No value available
2011-07-11,3.61,
2011-07-12,3.51,
2011-07-13,3.62,
2011-07-14,3.68,
2011-07-15,3.64,
2011-07-16,.,No value available
2011-07-17,.,No value available
2011-07-18,3.55,
2011-07-19,3.62,
2011-07-20,3.68,
2011-07-21,3.72,
2011-07-22,3.85,
2011-07-23,.,No value available
2011-07-24,.,No value available
2011-07-25,3.76,
2011-07-26,3.72,
2011-07-27,3.65,
2011-07-28,3.59,
2011-07-29,3.59,
2011-07-30,.,No value available
2011-07-31,.,No value available
2011-08-01,3.56,
2011-08-02,3.46,
2011-08-03,3.38,
2011-08-04,3.37,
2011-08-05,3.29,
2011-08-06,.,No value available
2011-08-07,.,No value available
2011-08-08,3.36,
2011-08-09,3.28,
2011-08-10,3.33,
2011-08-11,3.26,
2011-08-12,3.32,
2011-08-13,.,No value available
2011-08-14,.,No value available
2011-08-15,3.38,
2011-08-16,3.39,
2011-08-17,3.37,
2011-08-18,3.24,
2011-08-19,3.15,
2011-08-20,.,No value available
2011-08-21,.,No value available
2011-08-22,3.12,
2011-08-23,3.17,
2011-08-24,3.15,
2011-08-25,3.25,
2011-08-26,3.23,
2011-08-27,.,No value available
2011-08-28,.,No value available
2011-08-29,3.19,
2011-08-30,3.21,
2011-08-31,3.22,
2011-09-01,3.24,
2011-09-02,3.17,
2011-09-03,.,No value available
2011-09-04,.,No value available
2011-09-05,3.03,
2011-09-06,3.05,
2011-09-07,3.07,
2011-09-08,3.03,
2011-09-09,2.97,
2011-09-10,.,No value available
2011-09-11,.,No value available
2011-09-12,2.82,
2011-09-13,2.78,
2011-09-14,2.79,
2011-09-15,2.93,
2011-09-16,2.95,
2011-09-17,.,No value available
2011-09-18,.,No value available
2011-09-19,2.81,
2011-09-20,2.78,
2011-09-21,2.83,
2011-09-22,2.64,
2011-09-23,2.63,
2011-09-24,.,No value available
2011-09-25,.,No value available
2011-09-26,2.70,
2011-09-27,2.81,
2011-09-28,2.90,
2011-09-29,2.90,
2011-09-30,2.87,
2011-10-01,.,No value available
2011-10-02,.,No value available
2011-10-03,2.77,
2011-10-04,2.70,
2011-10-05,2.73,
2011-10-06,2.87,
2011-10-07,2.91,
2011-10-08,.,No value available
2011-10-09,.,No value available
2011-10-10,3.01,
2011-10-11,2.99,
2011-10-12,3.11,
2011-10-13,3.12,
2011-10-14,3.13,
2011-10-15,.,No value available
2011-10-16,.,No value available
2011-10-17,3.19,
2011-10-18,3.03,
2011-10-19,3.09,
2011-10-20,3.05,
2011-10-21,3.00,
2011-10-22,.,No value available
2011-10-23,.,No value available
2011-10-24,3.00,
2011-10-25,3.09,
2011-10-26,3.06,
2011-10-27,3.10,
2011-10-28,3.23,
2011-10-29,.,No value available
2011-10-30,.,No value available
2011-10-31,3.15,
2011-11-01,2.90,
2011-11-02,2.94,
2011-11-03,2.97,
2011-11-04,3.00,
2011-11-05,.,No value available
2011-11-06,.,No value available
2011-11-07,2.86,
2011-11-08,2.87,
2011-11-09,2.75,
2011-11-10,2.75,
2011-11-11,2.78,
2011-11-12,.,No value available
2011-11-13,.,No value available
2011-11-14,2.79,
2011-11-15,2.72,
2011-11-16,2.73,
2011-11-17,2.71,
2011-11-18,2.86,
2011-11-19,.,No value available
2011-11-20,.,No value available
2011-11-21,2.82,
2011-11-22,2.89,
2011-11-23,2.96,
2011-11-24,3.12,
2011-11-25,3.14,
2011-11-26,.,No value available
2011-11-27,.,No value available
2011-11-28,3.22,
2011-11-29,3.26,
2011-11-30,3.28,
2011-12-01,3.28,
2011-12-02,3.12,
2011-12-03,.,No value available
2011-12-04,.,No value available
2011-12-05,3.12,
2011-12-06,3.12,
2011-12-07,3.03,
2011-12-08,2.99,
2011-12-09,2.96,
2011-12-10,.,No value available
2011-12-11,.,No value available
2011-12-12,2.93,
2011-12-13,2.88,
2011-12-14,2.81,
2011-12-15,2.72,
2011-12-16,2.78,
2011-12-17,.,No value available
2011-12-18,.,No value available
2011-12-19,2.74,
2011-12-20,2.76,
2011-12-21,2.87,
2011-12-22,2.81,
2011-12-23,2.77,
2011-12-24,.,No value available
2011-12-25,.,No value available
2011-12-26,.,No value available
2011-12-27,2.77,
2011-12-28,2.76,
2011-12-29,2.73,
2011-12-30,2.68,
2011-12-31,.,No value available
2012-01-01,.,No value available
2012-01-02,2.72,
2012-01-03,2.81,
2012-01-04,2.81,
2012-01-05,2.77,
2012-01-06,2.75,
2012-01-07,.,No value available
2012-01-08,.,No value available
2012-01-09,2.76,
2012-01-10,2.75,
2012-01-11,2.75,
2012-01-12,2.74,
2012-01-13,2.67,
2012-01-14,.,No value available
2012-01-15,.,No value available
2012-01-16,2.65,
2012-01-17,2.70,
2012-01-18,2.72,
2012-01-19,2.72,
2012-01-20,2.78,
2012-01-21,.,No value available
2012-01-22,.,No value available
2012-01-23,2.84,
2012-01-24,2.95,
2012-01-25,2.92,
2012-01-26,2.89,
2012-01-27,2.86,
2012-01-28,.,No value available
2012-01-29,.,No value available
2012-01-30,2.80,
2012-01-31,2.82,
2012-02-01,2.80,
2012-02-02,2.75,
2012-02-03,2.78,
2012-02-04,.,No value available
2012-02-05,.,No value available
2012-02-06,2.81,
2012-02-07,2.79,
2012-02-08,2.90,
2012-02-09,2.91,
2012-02-10,2.93,
2012-02-11,.,No value available
2012-02-12,.,No value available
2012-02-13,2.91,
2012-02-14,2.89,
2012-02-15,2.86,
2012-02-16,2.75,
2012-02-17,2.81,
2012-02-18,.,No value available
2012-02-19,.,No value available
2012-02-20,2.84,
2012-02-21,2.87,
2012-02-22,2.85,
2012-02-23,2.80,
2012-02-24,2.79,
2012-02-25,.,No value available
2012-02-26,.,No value available
2012-02-27,2.78,
2012-02-28,2.75,
2012-02-29,2.75,
2012-03-01,2.76,
2012-03-02,2.76,
2012-03-03,.,No value available
2012-03-04,.,No value available
2012-03-05,2.74,
2012-03-06,2.75,
2012-03-07,2.77,
2012-03-08,2.76,
2012-03-09,2.77,
2012-03-10,.,No value available
2012-03-11,.,No value available
2012-03-12,2.75,
2012-03-13,2.76,
2012-03-14,2.89,
2012-03-15,2.97,
2012-03-16,2.95,
2012-03-17,.,No value available
2012-03-18,.,No value available
2012-03-19,2.98,
2012-03-20,2.97,
2012-03-21,2.99,
2012-03-22,2.85,
2012-03-23,2.81,
2012-03-24,.,No value available
2012-03-25,.,No value available
2012-03-26,2.81,
2012-03-27,2.88,
2012-03-28,2.84,
2012-03-29,2.82,
2012-03-30,2.78,
2012-03-31,.,No value available
2012-04-01,.,No value available
2012-04-02,2.79,
2012-04-03,2.77,
2012-04-04,2.78,
2012-04-05,2.76,
2012-04-06,.,No value available
2012-04-07,.,No value available
2012-04-08,.,No value available
2012-04-09,.,No value available
2012-04-10,2.71,
2012-04-11,2.70,
2012-04-12,2.71,
2012-04-13,2.69,
2012-04-14,.,No value available
2012-04-15,.,No value available
2012-04-16,2.67,
2012-04-17,2.71,
2012-04-18,2.69,
2012-04-19,2.68,
2012-04-20,2.66,
2012-04-21,.,No value available
2012-04-22,.,No value available
2012-04-23,2.65,
2012-04-24,2.69,
2012-04-25,2.70,
2012-04-26,2.72,
2012-04-27,2.69,
2012-04-28,.,No value available
2012-04-29,.,No value available
2012-04-30,2.69,
2012-05-01,.,No value available
2012-05-02,2.65,
2012-05-03,2.63,
2012-05-04,2.63,
2012-05-05,.,No value available
2012-05-06,.,No value available
2012-05-07,2.58,
2012-05-08,2.56,
2012-05-09,2.53,
2012-05-10,2.49,
2012-05-11,2.50,
2012-05-12,.,No value available
2012-05-13,.,No value available
2012-05-14,2.37,
2012-05-15,2.42,
2012-05-16,2.40,
2012-05-17,2.40,
2012-05-18,2.35,
2012-05-19,.,No value available
2012-05-20,.,No value available
2012-05-21,2.38,
2012-05-22,2.37,
2012-05-23,2.34,
2012-05-24,2.19,
2012-05-25,2.28,
2012-05-26,.,No value available
2012-05-27,.,No value available
2012-05-28,2.25,
2012-05-29,2.22,
2012-05-30,2.15,
2012-05-31,2.09,
2012-06-01,1.92,
2012-06-02,.,No value available
2012-06-03,.,No value available
2012-06-04,1.95,
2012-06-05,1.94,
2012-06-06,2.05,
2012-06-07,2.20,
2012-06-08,2.13,
2012-06-09,.,No value available
2012-06-10,.,No value available
2012-06-11,2.25,
2012-06-12,2.26,
2012-06-13,2.43,
2012-06-14,2.48,
2012-06-15,2.41,
2012-06-16,.,No value available
2012-06-17,.,No value available
2012-06-18,2.28,
2012-06-19,2.37,
2012-06-20,2.49,
2012-06-21,2.48,
2012-06-22,2.37,
2012-06-23,.,No value available
2012-06-24,.,No value available
2012-06-25,2.38,
2012-06-26,2.44,
2012-06-27,2.47,
2012-06-28,2.46,
2012-06-29,2.57,
2012-06-30,.,No value available
2012-07-01,.,No value available
2012-07-02,2.57,
2012-07-03,2.58,
2012-07-04,2.54,
2012-07-05,2.48,
2012-07-06,2.44,
2012-07-07,.,No value available
2012-07-08,.,No value available
2012-07-09,2.34,
2012-07-10,2.33,
2012-07-11,2.34,
2012-07-12,2.26,
2012-07-13,2.23,
2012-07-14,.,No value available
2012-07-15,.,No value available
2012-07-16,2.24,
2012-07-17,2.26,
2012-07-18,2.18,
2012-07-19,2.18,
2012-07-20,2.18,
2012-07-21,.,No value available
2012-07-22,.,No value available
2012-07-23,2.14,
2012-07-24,2.26,
2012-07-25,2.29,
2012-07-26,2.22,
2012-07-27,2.30,
2012-07-28,.,No value available
2012-07-29,.,No value available
2012-07-30,2.34,
2012-07-31,2.34,
2012-08-01,2.28,
2012-08-02,2.31,
2012-08-03,2.23,
2012-08-04,.,No value available
2012-08-05,.,No value available
2012-08-06,2.30,
2012-08-07,2.33,
2012-08-08,2.37,
2012-08-09,2.40,
2012-08-10,2.35,
2012-08-11,.,No value available
2012-08-12,.,No value available
2012-08-13,2.39,
2012-08-14,2.39,
2012-08-15,2.45,
2012-08-16,2.49,
2012-08-17,2.47,
2012-08-18,.,No value available
2012-08-19,.,No value available
2012-08-20,2.48,
2012-08-21,2.46,
2012-08-22,2.43,
2012-08-23,2.32,
2012-08-24,2.28,
2012-08-25,.,No value available
2012-08-26,.,No value available
2012-08-27,2.28,
2012-08-28,2.28,
2012-08-29,2.24,
2012-08-30,2.29,
2012-08-31,2.29,
2012-09-01,.,No value available
2012-09-02,.,No value available
2012-09-03,2.24,
2012-09-04,2.33,
2012-09-05,2.30,
2012-09-06,2.45,
2012-09-07,2.56,
2012-09-08,.,No value available
2012-09-09,.,No value available
2012-09-10,2.50,
2012-09-11,2.53,
2012-09-12,2.61,
2012-09-13,2.57,
2012-09-14,2.66,
2012-09-15,.,No value available
2012-09-16,.,No value available
2012-09-17,2.65,
2012-09-18,2.64,
2012-09-19,2.56,
2012-09-20,2.54,
2012-09-21,2.58,
2012-09-22,.,No value available
2012-09-23,.,No value available
2012-09-24,2.55,
2012-09-25,2.51,
2012-09-26,2.50,
2012-09-27,2.41,
2012-09-28,2.42,
2012-09-29,.,No value available
2012-09-30,.,No value available
2012-10-01,2.43,
2012-10-02,2.45,
2012-10-03,2.44,
2012-10-04,2.41,
2012-10-05,2.46,
2012-10-06,.,No value available
2012-10-07,.,No value available
2012-10-08,2.46,
2012-10-09,2.46,
2012-10-10,2.46,
2012-10-11,2.43,
2012-10-12,2.43,
2012-10-13,.,No value available
2012-10-14,.,No value available
2012-10-15,2.43,
2012-10-16,2.46,
2012-10-17,2.55,
2012-10-18,2.61,
2012-10-19,2.57,
2012-10-20,.,No value available
2012-10-21,.,No value available
2012-10-22,2.57,
2012-10-23,2.57,
2012-10-24,2.53,
2012-10-25,2.60,
2012-10-26,2.51,
2012-10-27,.,No value available
2012-10-28,.,No value available
2012-10-29,2.48,
2012-10-30,2.46,
2012-10-31,2.48,
2012-11-01,2.42,
2012-11-02,2.41,
2012-11-03,.,No value available
2012-11-04,.,No value available
2012-11-05,2.38,
2012-11-06,2.40,
2012-11-07,2.39,
2012-11-08,2.36,
2012-11-09,2.33,
2012-11-10,.,No value available
2012-11-11,.,No value available
2012-11-12,2.34,
2012-11-13,2.32,
2012-11-14,2.36,
2012-11-15,2.36,
2012-11-16,2.39,
2012-11-17,.,No value available
2012-11-18,.,No value available
2012-11-19,2.39,
2012-11-20,2.40,
2012-11-21,2.43,
2012-11-22,2.47,
2012-11-23,2.46,
2012-11-24,.,No value available
2012-11-25,.,No value available
2012-11-26,2.46,
2012-11-27,2.46,
2012-11-28,2.42,
2012-11-29,2.42,
2012-11-30,2.41,
2012-12-01,.,No value available
2012-12-02,.,No value available
2012-12-03,2.41,
2012-12-04,2.46,
2012-12-05,2.39,
2012-12-06,2.39,
2012-12-07,2.37,
2012-12-08,.,No value available
2012-12-09,.,No value available
2012-12-10,2.36,
2012-12-11,2.39,
2012-12-12,2.40,
2012-12-13,2.35,
2012-12-14,2.38,
2012-12-15,.,No value available
2012-12-16,.,No value available
2012-12-17,2.39,
2012-12-18,2.39,
2012-12-19,2.43,
2012-12-20,2.42,
2012-12-21,2.38,
2012-12-22,.,No value available
2012-12-23,.,No value available
2012-12-24,.,No value available
2012-12-25,.,No value available
2012-12-26,.,No value available
2012-12-27,2.37,
2012-12-28,2.27,
2012-12-29,.,No value available
2012-12-30,.,No value available
2012-12-31,.,No value available
2013-01-01,.,No value available
2013-01-02,2.41,
2013-01-03,2.43,
2013-01-04,2.54,
2013-01-05,.,No value available
2013-01-06,.,No value available
2013-01-07,2.53,
2013-01-08,2.50,
2013-01-09,2.46,
2013-01-10,2.50,
2013-01-11,2.56,
2013-01-12,.,No value available
2013-01-13,.,No value available
2013-01-14,2.56,
2013-01-15,2.53,
2013-01-16,2.51,
2013-01-17,2.52,
2013-01-18,2.49,
2013-01-19,.,No value available
2013-01-20,.,No value available
2013-01-21,2.46,
2013-01-22,2.50,
2013-01-23,2.47,
2013-01-24,2.44,
2013-01-25,2.52,
2013-01-26,.,No value available
2013-01-27,.,No value available
2013-01-28,2.54,
2013-01-29,2.53,
2013-01-30,2.55,
2013-01-31,2.49,
2013-02-01,2.53,
2013-02-02,.,No value available
2013-02-03,.,No value available
2013-02-04,2.55,
2013-02-05,2.48,
2013-02-06,2.49,
2013-02-07,2.53,
2013-02-08,2.50,
2013-02-09,.,No value available
2013-02-10,.,No value available
2013-02-11,2.52,
2013-02-12,2.52,
2013-02-13,2.55,
2013-02-14,2.57,
2013-02-15,2.55,
2013-02-16,.,No value available
2013-02-17,.,No value available
2013-02-18,2.55,
2013-02-19,2.56,
2013-02-20,2.60,
2013-02-21,2.57,
2013-02-22,2.58,
2013-02-23,.,No value available
2013-02-24,.,No value available
2013-02-25,2.55,
2013-02-26,2.48,
2013-02-27,2.46,
2013-02-28,2.47,
2013-03-01,2.46,
2013-03-02,.,No value available
2013-03-03,.,No value available
2013-03-04,2.43,
2013-03-05,2.47,
2013-03-06,2.49,
2013-03-07,2.49,
2013-03-08,2.50,
2013-03-09,.,No value available
2013-03-10,.,No value available
2013-03-11,2.51,
2013-03-12,2.52,
2013-03-13,2.50,
2013-03-14,2.52,
2013-03-15,2.53,
2013-03-16,.,No value available
2013-03-17,.,No value available
2013-03-18,2.46,
2013-03-19,2.42,
2013-03-20,2.39,
2013-03-21,2.42,
2013-03-22,2.34,
2013-03-23,.,No value available
2013-03-24,.,No value available
2013-03-25,2.43,
2013-03-26,2.40,
2013-03-27,2.36,
2013-03-28,2.33,
2013-03-29,.,No value available
2013-03-30,.,No value available
2013-03-31,.,No value available
2013-04-01,.,No value available
2013-04-02,2.37,
2013-04-03,2.40,
2013-04-04,2.39,
2013-04-05,2.32,
2013-04-06,.,No value available
2013-04-07,.,No value available
2013-04-08,2.20,
2013-04-09,2.28,
2013-04-10,2.30,
2013-04-11,2.35,
2013-04-12,2.31,
2013-04-13,.,No value available
2013-04-14,.,No value available
2013-04-15,2.34,
2013-04-16,2.31,
2013-04-17,2.35,
2013-04-18,2.32,
2013-04-19,2.31,
2013-04-20,.,No value available
2013-04-21,.,No value available
2013-04-22,2.33,
2013-04-23,2.25,
2013-04-24,2.31,
2013-04-25,2.28,
2013-04-26,2.26,
2013-04-27,.,No value available
2013-04-28,.,No value available
2013-04-29,2.24,
2013-04-30,2.21,
2013-05-01,.,No value available
2013-05-02,2.22,
2013-05-03,2.23,
2013-05-04,.,No value available
2013-05-05,.,No value available
2013-05-06,2.30,
2013-05-07,2.33,
2013-05-08,2.33,
2013-05-09,2.30,
2013-05-10,2.39,
2013-05-11,.,No value available
2013-05-12,.,No value available
2013-05-13,2.41,
2013-05-14,2.42,
2013-05-15,2.42,
2013-05-16,2.45,
2013-05-17,2.38,
2013-05-18,.,No value available
2013-05-19,.,No value available
2013-05-20,2.44,
2013-05-21,2.46,
2013-05-22,2.45,
2013-05-23,2.46,
2013-05-24,2.48,
2013-05-25,.,No value available
2013-05-26,.,No value available
2013-05-27,2.46,
2013-05-28,2.48,
2013-05-29,2.53,
2013-05-30,2.50,
2013-05-31,2.49,
2013-06-01,.,No value available
2013-06-02,.,No value available
2013-06-03,2.54,
2013-06-04,2.55,
2013-06-05,2.55,
2013-06-06,2.50,
2013-06-07,2.48,
2013-06-08,.,No value available
2013-06-09,.,No value available
2013-06-10,2.49,
2013-06-11,2.57,
2013-06-12,2.56,
2013-06-13,2.51,
2013-06-14,2.51,
2013-06-15,.,No value available
2013-06-16,.,No value available
2013-06-17,2.53,
2013-06-18,2.55,
2013-06-19,2.54,
2013-06-20,2.58,
2013-06-21,2.62,
2013-06-22,.,No value available
2013-06-23,.,No value available
2013-06-24,2.67,
2013-06-25,2.66,
2013-06-26,2.66,
2013-06-27,2.67,
2013-06-28,2.63,
2013-06-29,.,No value available
2013-06-30,.,No value available
2013-07-01,2.66,
2013-07-02,2.62,
2013-07-03,2.57,
2013-07-04,2.59,
2013-07-05,2.64,
2013-07-06,.,No value available
2013-07-07,.,No value available
2013-07-08,2.70,
2013-07-09,2.68,
2013-07-10,2.62,
2013-07-11,2.59,
2013-07-12,2.57,
2013-07-13,.,No value available
2013-07-14,.,No value available
2013-07-15,2.54,
2013-07-16,2.55,
2013-07-17,2.57,
2013-07-18,2.52,
2013-07-19,2.53,
2013-07-20,.,No value available
2013-07-21,.,No value available
2013-07-22,2.54,
2013-07-23,2.55,
2013-07-24,2.57,
2013-07-25,2.62,
2013-07-26,2.67,
2013-07-27,.,No value available
2013-07-28,.,No value available
2013-07-29,2.68,
2013-07-30,2.66,
2013-07-31,2.67,
2013-08-01,2.60,
2013-08-02,2.67,
2013-08-03,.,No value available
2013-08-04,.,No value available
2013-08-05,2.62,
2013-08-06,2.68,
2013-08-07,2.65,
2013-08-08,2.66,
2013-08-09,2.66,
2013-08-10,.,No value available
2013-08-11,.,No value available
2013-08-12,2.69,
2013-08-13,2.75,
2013-08-14,2.78,
2013-08-15,2.80,
2013-08-16,2.85,
2013-08-17,.,No value available
2013-08-18,.,No value available
2013-08-19,2.87,
2013-08-20,2.85,
2013-08-21,2.84,
2013-08-22,2.91,
2013-08-23,2.92,
2013-08-24,.,No value available
2013-08-25,.,No value available
2013-08-26,2.87,
2013-08-27,2.82,
2013-08-28,2.81,
2013-08-29,2.83,
2013-08-30,2.82,
2013-08-31,.,No value available
2013-09-01,.,No value available
2013-09-02,2.88,
2013-09-03,2.88,
2013-09-04,2.92,
2013-09-05,2.95,
2013-09-06,2.96,
2013-09-07,.,No value available
2013-09-08,.,No value available
2013-09-09,2.94,
2013-09-10,2.98,
2013-09-11,3.02,
2013-09-12,2.99,
2013-09-13,2.98,
2013-09-14,.,No value available
2013-09-15,.,No value available
2013-09-16,2.91,
2013-09-17,2.93,
2013-09-18,2.96,
2013-09-19,2.92,
2013-09-20,2.98,
2013-09-21,.,No value available
2013-09-22,.,No value available
2013-09-23,2.98,
2013-09-24,2.92,
2013-09-25,2.88,
2013-09-26,2.85,
2013-09-27,2.83,
2013-09-28,.,No value available
2013-09-29,.,No value available
2013-09-30,2.79,
2013-10-01,2.82,
2013-10-02,2.81,
2013-10-03,2.88,
2013-10-04,2.88,
2013-10-05,.,No value available
2013-10-06,.,No value available
2013-10-07,2.89,
2013-10-08,2.89,
2013-10-09,2.86,
2013-10-10,2.92,
2013-10-11,2.94,
2013-10-12,.,No value available
2013-10-13,.,No value available
2013-10-14,2.94,
2013-10-15,2.97,
2013-10-16,2.99,
2013-10-17,2.96,
2013-10-18,2.92,
2013-10-19,.,No value available
2013-10-20,.,No value available
2013-10-21,2.93,
2013-10-22,2.91,
2013-10-23,2.85,
2013-10-24,2.85,
2013-10-25,2.83,
2013-10-26,.,No value available
2013-10-27,.,No value available
2013-10-28,2.82,
2013-10-29,2.82,
2013-10-30,2.81,
2013-10-31,2.78,
2013-11-01,2.80,
2013-11-02,.,No value available
2013-11-03,.,No value available
2013-11-04,2.80,
2013-11-05,2.81,
2013-11-06,2.84,
2013-11-07,2.87,
2013-11-08,2.83,
2013-11-09,.,No value available
2013-11-10,.,No value available
2013-11-11,2.88,
2013-11-12,2.93,
2013-11-13,2.94,
2013-11-14,2.88,
2013-11-15,2.86,
2013-11-16,.,No value available
2013-11-17,.,No value available
2013-11-18,2.85,
2013-11-19,2.85,
2013-11-20,2.89,
2013-11-21,2.91,
2013-11-22,2.91,
2013-11-23,.,No value available
2013-11-24,.,No value available
2013-11-25,2.85,
2013-11-26,2.85,
2013-11-27,2.84,
2013-11-28,2.86,
2013-11-29,2.83,
2013-11-30,.,No value available
2013-12-01,.,No value available
2013-12-02,2.85,
2013-12-03,2.87,
2013-12-04,2.87,
2013-12-05,2.91,
2013-12-06,2.94,
2013-12-07,.,No value available
2013-12-08,.,No value available
2013-12-09,2.94,
2013-12-10,2.92,
2013-12-11,2.92,
2013-12-12,2.92,
2013-12-13,2.90,
2013-12-14,.,No value available
2013-12-15,.,No value available
2013-12-16,2.90,
2013-12-17,2.90,
2013-12-18,2.87,
2013-12-19,2.87,
2013-12-20,2.91,
2013-12-21,.,No value available
2013-12-22,.,No value available
2013-12-23,2.92,
2013-12-24,.,No value available
2013-12-25,.,No value available
2013-12-26,.,No value available
2013-12-27,2.96,
2013-12-28,.,No value available
2013-12-29,.,No value available
2013-12-30,2.97,
2013-12-31,.,No value available
2014-01-01,.,No value available
2014-01-02,2.97,
2014-01-03,2.97,
2014-01-04,.,No value available
2014-01-05,.,No value available
2014-01-06,2.95,
2014-01-07,2.94,
2014-01-08,2.94,
2014-01-09,2.97,
2014-01-10,2.96,
2014-01-11,.,No value available
2014-01-12,.,No value available
2014-01-13,2.93,
2014-01-14,2.90,
2014-01-15,2.89,
2014-01-16,2.90,
2014-01-17,2.86,
2014-01-18,.,No value available
2014-01-19,.,No value available
2014-01-20,2.83,
2014-01-21,2.83,
2014-01-22,2.83,
2014-01-23,2.83,
2014-01-24,2.76,
2014-01-25,.,No value available
2014-01-26,.,No value available
2014-01-27,2.76,
2014-01-28,2.76,
2014-01-29,2.76,
2014-01-30,2.70,
2014-01-31,2.67,
2014-02-01,.,No value available
2014-02-02,.,No value available
2014-02-03,2.67,
2014-02-04,2.67,
2014-02-05,2.65,
2014-02-06,2.69,
2014-02-07,2.69,
2014-02-08,.,No value available
2014-02-09,.,No value available
2014-02-10,2.69,
2014-02-11,2.71,
2014-02-12,2.71,
2014-02-13,2.71,
2014-02-14,2.71,
2014-02-15,.,No value available
2014-02-16,.,No value available
2014-02-17,2.74,
2014-02-18,2.72,
2014-02-19,2.71,
2014-02-20,2.72,
2014-02-21,2.73,
2014-02-22,.,No value available
2014-02-23,.,No value available
2014-02-24,2.73,
2014-02-25,2.74,
2014-02-26,2.69,
2014-02-27,2.60,
2014-02-28,2.63,
2014-03-01,.,No value available
2014-03-02,.,No value available
2014-03-03,2.59,
2014-03-04,2.61,
2014-03-05,2.65,
2014-03-06,2.66,
2014-03-07,2.66,
2014-03-08,.,No value available
2014-03-09,.,No value available
2014-03-10,2.68,
2014-03-11,2.66,
2014-03-12,2.67,
2014-03-13,2.67,
2014-03-14,2.61,
2014-03-15,.,No value available
2014-03-16,.,No value available
2014-03-17,2.64,
2014-03-18,2.63,
2014-03-19,2.64,
2014-03-20,2.70,
2014-03-21,2.68,
2014-03-22,.,No value available
2014-03-23,.,No value available
2014-03-24,2.67,
2014-03-25,2.60,
2014-03-26,2.61,
2014-03-27,2.59,
2014-03-28,2.58,
2014-03-29,.,No value available
2014-03-30,.,No value available
2014-03-31,2.61,
2014-04-01,2.61,
2014-04-02,2.63,
2014-04-03,2.66,
2014-04-04,2.67,
2014-04-05,.,No value available
2014-04-06,.,No value available
2014-04-07,2.65,
2014-04-08,2.63,
2014-04-09,2.62,
2014-04-10,2.59,
2014-04-11,2.57,
2014-04-12,.,No value available
2014-04-13,.,No value available
2014-04-14,2.56,
2014-04-15,2.56,
2014-04-16,2.54,
2014-04-17,2.53,
2014-04-18,.,No value available
2014-04-19,.,No value available
2014-04-20,.,No value available
2014-04-21,.,No value available
2014-04-22,2.57,
2014-04-23,2.57,
2014-04-24,2.57,
2014-04-25,2.52,
2014-04-26,.,No value available
2014-04-27,.,No value available
2014-04-28,2.49,
2014-04-29,2.54,
2014-04-30,2.55,
2014-05-01,.,No value available
2014-05-02,2.50,
2014-05-03,.,No value available
2014-05-04,.,No value available
2014-05-05,2.48,
2014-05-06,2.52,
2014-05-07,2.48,
2014-05-08,2.50,
2014-05-09,2.49,
2014-05-10,.,No value available
2014-05-11,.,No value available
2014-05-12,2.54,
2014-05-13,2.53,
2014-05-14,2.46,
2014-05-15,2.44,
2014-05-16,2.39,
2014-05-17,.,No value available
2014-05-18,.,No value available
2014-05-19,2.39,
2014-05-20,2.41,
2014-05-21,2.44,
2014-05-22,2.43,
2014-05-23,2.43,
2014-05-24,.,No value available
2014-05-25,.,No value available
2014-05-26,2.44,
2014-05-27,2.45,
2014-05-28,2.40,
2014-05-29,2.36,
2014-05-30,2.41,
2014-05-31,.,No value available
2014-06-01,.,No value available
2014-06-02,2.40,
2014-06-03,2.44,
2014-06-04,2.45,
2014-06-05,2.50,
2014-06-06,2.48,
2014-06-07,.,No value available
2014-06-08,.,No value available
2014-06-09,2.45,
2014-06-10,2.46,
2014-06-11,2.50,
2014-06-12,2.51,
2014-06-13,2.48,
2014-06-14,.,No value available
2014-06-15,.,No value available
2014-06-16,2.45,
2014-06-17,2.46,
2014-06-18,2.48,
2014-06-19,2.42,
2014-06-20,2.43,
2014-06-21,.,No value available
2014-06-22,.,No value available
2014-06-23,2.43,
2014-06-24,2.42,
2014-06-25,2.40,
2014-06-26,2.34,
2014-06-27,2.32,
2014-06-28,.,No value available
2014-06-29,.,No value available
2014-06-30,2.31,
2014-07-01,2.33,
2014-07-02,2.33,
2014-07-03,2.38,
2014-07-04,2.36,
2014-07-05,.,No value available
2014-07-06,.,No value available
2014-07-07,2.36,
2014-07-08,2.34,
2014-07-09,2.31,
2014-07-10,2.27,
2014-07-11,2.27,
2014-07-12,.,No value available
2014-07-13,.,No value available
2014-07-14,2.28,
2014-07-15,2.25,
2014-07-16,2.24,
2014-07-17,2.21,
2014-07-18,2.20,
2014-07-19,.,No value available
2014-07-20,.,No value available
2014-07-21,2.18,
2014-07-22,2.19,
2014-07-23,2.19,
2014-07-24,2.20,
2014-07-25,2.21,
2014-07-26,.,No value available
2014-07-27,.,No value available
2014-07-28,2.18,
2014-07-29,2.11,
2014-07-30,2.11,
2014-07-31,2.16,
2014-08-01,2.21,
2014-08-02,.,No value available
2014-08-03,.,No value available
2014-08-04,2.15,
2014-08-05,2.16,
2014-08-06,2.11,
2014-08-07,2.09,
2014-08-08,1.99,
2014-08-09,.,No value available
2014-08-10,.,No value available
2014-08-11,2.03,
2014-08-12,2.05,
2014-08-13,2.09,
2014-08-14,2.01,
2014-08-15,1.99,
2014-08-16,.,No value available
2014-08-17,.,No value available
2014-08-18,1.97,
2014-08-19,1.97,
2014-08-20,1.96,
2014-08-21,1.95,
2014-08-22,1.91,
2014-08-23,.,No value available
2014-08-24,.,No value available
2014-08-25,1.89,
2014-08-26,1.87,
2014-08-27,1.86,
2014-08-28,1.84,
2014-08-29,1.82,
2014-08-30,.,No value available
2014-08-31,.,No value available
2014-09-01,1.82,
2014-09-02,1.89,
2014-09-03,1.93,
2014-09-04,1.92,
2014-09-05,2.01,
2014-09-06,.,No value available
2014-09-07,.,No value available
2014-09-08,1.94,
2014-09-09,2.02,
2014-09-10,2.05,
2014-09-11,2.02,
2014-09-12,2.05,
2014-09-13,.,No value available
2014-09-14,.,No value available
2014-09-15,2.06,
2014-09-16,2.04,
2014-09-17,2.07,
2014-09-18,2.07,
2014-09-19,2.11,
2014-09-20,.,No value available
2014-09-21,.,No value available
2014-09-22,2.03,
2014-09-23,1.98,
2014-09-24,1.96,
2014-09-25,1.98,
2014-09-26,1.94,
2014-09-27,.,No value available
2014-09-28,.,No value available
2014-09-29,1.95,
2014-09-30,1.95,
2014-10-01,1.90,
2014-10-02,1.88,
2014-10-03,.,No value available
2014-10-04,.,No value available
2014-10-05,.,No value available
2014-10-06,1.86,
2014-10-07,1.87,
2014-10-08,1.85,
2014-10-09,1.85,
2014-10-10,1.85,
2014-10-11,.,No value available
2014-10-12,.,No value available
2014-10-13,1.84,
2014-10-14,1.81,
2014-10-15,1.65,
2014-10-16,1.51,
2014-10-17,1.68,
2014-10-18,.,No value available
2014-10-19,.,No value available
2014-10-20,1.68,
2014-10-21,1.69,
2014-10-22,1.70,
2014-10-23,1.73,
2014-10-24,1.74,
2014-10-25,.,No value available
2014-10-26,.,No value available
2014-10-27,1.73,
2014-10-28,1.70,
2014-10-29,1.72,
2014-10-30,1.70,
2014-10-31,1.68,
2014-11-01,.,No value available
2014-11-02,.,No value available
2014-11-03,1.68,
2014-11-04,1.68,
2014-11-05,1.69,
2014-11-06,1.70,
2014-11-07,1.73,
2014-11-08,.,No value available
2014-11-09,.,No value available
2014-11-10,1.67,
2014-11-11,1.71,
2014-11-12,1.66,
2014-11-13,1.66,
2014-11-14,1.63,
2014-11-15,.,No value available
2014-11-16,.,No value available
2014-11-17,1.62,
2014-11-18,1.64,
2014-11-19,1.66,
2014-11-20,1.65,
2014-11-21,1.62,
2014-11-22,.,No value available
2014-11-23,.,No value available
2014-11-24,1.64,
2014-11-25,1.62,
2014-11-26,1.58,
2014-11-27,1.53,
2014-11-28,1.51,
2014-11-29,.,No value available
2014-11-30,.,No value available
2014-12-01,1.51,
2014-12-02,1.55,
2014-12-03,1.55,
2014-12-04,1.59,
2014-12-05,1.57,
2014-12-06,.,No value available
2014-12-07,.,No value available
2014-12-08,1.55,
2014-12-09,1.50,
2014-12-10,1.45,
2014-12-11,1.44,
2014-12-12,1.39,
2014-12-13,.,No value available
2014-12-14,.,No value available
2014-12-15,1.39,
2014-12-16,1.34,
2014-12-17,1.32,
2014-12-18,1.34,
2014-12-19,1.38,
2014-12-20,.,No value available
2014-12-21,.,No value available
2014-12-22,1.37,
2014-12-23,1.36,
2014-12-24,.,No value available
2014-12-25,.,No value available
2014-12-26,.,No value available
2014-12-27,.,No value available
2014-12-28,.,No value available
2014-12-29,1.33,
2014-12-30,1.32,
2014-12-31,.,No value available
2015-01-01,.,No value available
2015-01-02,1.29,
2015-01-03,.,No value available
2015-01-04,.,No value available
2015-01-05,1.24,
2015-01-06,1.15,
2015-01-07,1.07,
2015-01-08,1.13,
2015-01-09,1.18,
2015-01-10,.,No value available
2015-01-11,.,No value available
2015-01-12,1.13,
2015-01-13,1.07,
2015-01-14,1.10,
2015-01-15,1.09,
2015-01-16,1.03,
2015-01-17,.,No value available
2015-01-18,.,No value available
2015-01-19,1.04,
2015-01-20,1.05,
2015-01-21,1.08,
2015-01-22,1.17,
2015-01-23,0.95,
2015-01-24,.,No value available
2015-01-25,.,No value available
2015-01-26,0.93,
2015-01-27,0.96,
2015-01-28,0.96,
2015-01-29,0.89,
2015-01-30,0.89,
2015-01-31,.,No value available
2015-02-01,.,No value available
2015-02-02,0.80,
2015-02-03,0.83,
2015-02-04,0.86,
2015-02-05,0.84,
2015-02-06,0.83,
2015-02-07,.,No value available
2015-02-08,.,No value available
2015-02-09,0.82,
2015-02-10,0.85,
2015-02-11,0.85,
2015-02-12,0.85,
2015-02-13,0.82,
2015-02-14,.,No value available
2015-02-15,.,No value available
2015-02-16,0.85,
2015-02-17,0.85,
2015-02-18,0.90,
2015-02-19,0.93,
2015-02-20,0.95,
2015-02-21,.,No value available
2015-02-22,.,No value available
2015-02-23,1.00,
2015-02-24,0.98,
2015-02-25,0.96,
2015-02-26,0.90,
2015-02-27,0.96,
2015-02-28,.,No value available
2015-03-01,.,No value available
2015-03-02,0.96,
2015-03-03,0.96,
2015-03-04,0.97,
2015-03-05,0.99,
2015-03-06,0.90,
2015-03-07,.,No value available
2015-03-08,.,No value available
2015-03-09,0.90,
2015-03-10,0.80,
2015-03-11,0.67,
2015-03-12,0.60,
2015-03-13,0.65,
2015-03-14,.,No value available
2015-03-15,.,No value available
2015-03-16,0.65,
2015-03-17,0.64,
2015-03-18,0.65,
2015-03-19,0.57,
2015-03-20,0.58,
2015-03-21,.,No value available
2015-03-22,.,No value available
2015-03-23,0.57,
2015-03-24,0.58,
2015-03-25,0.58,
2015-03-26,0.58,
2015-03-27,0.63,
2015-03-28,.,No value available
2015-03-29,.,No value available
2015-03-30,0.57,
2015-03-31,0.57,
2015-04-01,0.56,
2015-04-02,0.56,
2015-04-03,.,No value available
2015-04-04,.,No value available
2015-04-05,.,No value available
2015-04-06,.,No value available
2015-04-07,0.60,
2015-04-08,0.59,
2015-04-09,0.58,
2015-04-10,0.58,
2015-04-11,.,No value available
2015-04-12,.,No value available
2015-04-13,0.56,
2015-04-14,0.53,
2015-04-15,0.51,
2015-04-16,0.42,
2015-04-17,0.41,
2015-04-18,.,No value available
2015-04-19,.,No value available
2015-04-20,0.41,
2015-04-21,0.41,
2015-04-22,0.45,
2015-04-23,0.54,
2015-04-24,0.58,
2015-04-25,.,No value available
2015-04-26,.,No value available
2015-04-27,0.54,
2015-04-28,0.55,
2015-04-29,0.64,
2015-04-30,0.78,
2015-05-01,.,No value available
2015-05-02,.,No value available
2015-05-03,.,No value available
2015-05-04,0.85,
2015-05-05,0.87,
2015-05-06,1.02,
2015-05-07,1.38,
2015-05-08,1.11,
2015-05-09,.,No value available
2015-05-10,.,No value available
2015-05-11,1.14,
2015-05-12,1.30,
2015-05-13,1.25,
2015-05-14,1.40,
2015-05-15,1.27,
2015-05-16,.,No value available
2015-05-17,.,No value available
2015-05-18,1.27,
2015-05-19,1.19,
2015-05-20,1.20,
2015-05-21,1.26,
2015-05-22,1.23,
2015-05-23,.,No value available
2015-05-24,.,No value available
2015-05-25,.,No value available
2015-05-26,1.17,
2015-05-27,1.14,
2015-05-28,1.18,
2015-05-29,1.13,
2015-05-30,.,No value available
2015-05-31,.,No value available
2015-06-01,1.11,
2015-06-02,1.23,
2015-06-03,1.35,
2015-06-04,1.63,
2015-06-05,1.53,
2015-06-06,.,No value available
2015-06-07,.,No value available
2015-06-08,1.58,
2015-06-09,1.60,
2015-06-10,1.76,
2015-06-11,1.77,
2015-06-12,1.63,
2015-06-13,.,No value available
2015-06-14,.,No value available
2015-06-15,1.55,
2015-06-16,1.49,
2015-06-17,1.55,
2015-06-18,1.47,
2015-06-19,1.50,
2015-06-20,.,No value available
2015-06-21,.,No value available
2015-06-22,1.59,
2015-06-23,1.67,
2015-06-24,1.66,
2015-06-25,1.65,
2015-06-26,1.69,
2015-06-27,.,No value available
2015-06-28,.,No value available
2015-06-29,1.61,
2015-06-30,1.63,
2015-07-01,1.67,
2015-07-02,1.77,
2015-07-03,1.71,
2015-07-04,.,No value available
2015-07-05,.,No value available
2015-07-06,1.58,
2015-07-07,1.56,
2015-07-08,1.39,
2015-07-09,1.41,
2015-07-10,1.61,
2015-07-11,.,No value available
2015-07-12,.,No value available
2015-07-13,1.74,
2015-07-14,1.67,
2015-07-15,1.64,
2015-07-16,1.61,
2015-07-17,1.54,
2015-07-18,.,No value available
2015-07-19,.,No value available
2015-07-20,1.50,
2015-07-21,1.45,
2015-07-22,1.51,
2015-07-23,1.44,
2015-07-24,1.44,
2015-07-25,.,No value available
2015-07-26,.,No value available
2015-07-27,1.37,
2015-07-28,1.41,
2015-07-29,1.39,
2015-07-30,1.40,
2015-07-31,1.38,
2015-08-01,.,No value available
2015-08-02,.,No value available
2015-08-03,1.33,
2015-08-04,1.30,
2015-08-05,1.38,
2015-08-06,1.45,
2015-08-07,1.46,
2015-08-08,.,No value available
2015-08-09,.,No value available
2015-08-10,1.40,
2015-08-11,1.38,
2015-08-12,1.28,
2015-08-13,1.31,
2015-08-14,1.31,
2015-08-15,.,No value available
2015-08-16,.,No value available
2015-08-17,1.31,
2015-08-18,1.29,
2015-08-19,1.32,
2015-08-20,1.29,
2015-08-21,1.25,
2015-08-22,.,No value available
2015-08-23,.,No value available
2015-08-24,1.23,
2015-08-25,1.29,
2015-08-26,1.35,
2015-08-27,1.41,
2015-08-28,1.42,
2015-08-29,.,No value available
2015-08-30,.,No value available
2015-08-31,1.42,
2015-09-01,1.50,
2015-09-02,1.45,
2015-09-03,1.47,
2015-09-04,1.39,
2015-09-05,.,No value available
2015-09-06,.,No value available
2015-09-07,1.38,
2015-09-08,1.41,
2015-09-09,1.45,
2015-09-10,1.42,
2015-09-11,1.43,
2015-09-12,.,No value available
2015-09-13,.,No value available
2015-09-14,1.40,
2015-09-15,1.43,
2015-09-16,1.50,
2015-09-17,1.52,
2015-09-18,1.40,
2015-09-19,.,No value available
2015-09-20,.,No value available
2015-09-21,1.40,
2015-09-22,1.38,
2015-09-23,1.35,
2015-09-24,1.32,
2015-09-25,1.35,
2015-09-26,.,No value available
2015-09-27,.,No value available
2015-09-28,1.34,
2015-09-29,1.30,
2015-09-30,1.32,
2015-10-01,1.31,
2015-10-02,1.30,
2015-10-03,.,No value available
2015-10-04,.,No value available
2015-10-05,1.26,
2015-10-06,1.32,
2015-10-07,1.37,
2015-10-08,1.29,
2015-10-09,1.34,
2015-10-10,.,No value available
2015-10-11,.,No value available
2015-10-12,1.34,
2015-10-13,1.29,
2015-10-14,1.30,
2015-10-15,1.27,
2015-10-16,1.27,
2015-10-17,.,No value available
2015-10-18,.,No value available
2015-10-19,1.29,
2015-10-20,1.31,
2015-10-21,1.34,
2015-10-22,1.30,
2015-10-23,1.25,
2015-10-24,.,No value available
2015-10-25,.,No value available
2015-10-26,1.25,
2015-10-27,1.23,
2015-10-28,1.15,
2015-10-29,1.16,
2015-10-30,1.21,
2015-10-31,.,No value available
2015-11-01,.,No value available
2015-11-02,1.29,
2015-11-03,1.29,
2015-11-04,1.34,
2015-11-05,1.37,
2015-11-06,1.44,
2015-11-07,.,No value available
2015-11-08,.,No value available
2015-11-09,1.56,
2015-11-10,1.49,
2015-11-11,1.49,
2015-11-12,1.46,
2015-11-13,1.42,
2015-11-14,.,No value available
2015-11-15,.,No value available
2015-11-16,1.42,
2015-11-17,1.36,
2015-11-18,1.33,
2015-11-19,1.29,
2015-11-20,1.29,
2015-11-21,.,No value available
2015-11-22,.,No value available
2015-11-23,1.28,
2015-11-24,1.28,
2015-11-25,1.29,
2015-11-26,1.29,
2015-11-27,1.27,
2015-11-28,.,No value available
2015-11-29,.,No value available
2015-11-30,1.30,
2015-12-01,1.36,
2015-12-02,1.32,
2015-12-03,1.35,
2015-12-04,1.45,
2015-12-05,.,No value available
2015-12-06,.,No value available
2015-12-07,1.44,
2015-12-08,1.40,
2015-12-09,1.36,
2015-12-10,1.41,
2015-12-11,1.37,
2015-12-12,.,No value available
2015-12-13,.,No value available
2015-12-14,1.37,
2015-12-15,1.44,
2015-12-16,1.42,
2015-12-17,1.37,
2015-12-18,1.33,
2015-12-19,.,No value available
2015-12-20,.,No value available
2015-12-21,1.32,
2015-12-22,1.34,
2015-12-23,1.40,
2015-12-24,.,No value available
2015-12-25,.,No value available
2015-12-26,.,No value available
2015-12-27,.,No value available
2015-12-28,1.42,
2015-12-29,1.40,
2015-12-30,1.50,
2015-12-31,.,No value available
2016-01-01,.,No value available
2016-01-02,.,No value available
2016-01-03,.,No value available
2016-01-04,1.42,
2016-01-05,1.40,
2016-01-06,1.35,
2016-01-07,1.36,
2016-01-08,1.40,
2016-01-09,.,No value available
2016-01-10,.,No value available
2016-01-11,1.37,
2016-01-12,1.42,
2016-01-13,1.33,
2016-01-14,1.27,
2016-01-15,1.30,
2016-01-16,.,No value available
2016-01-17,.,No value available
2016-01-18,1.31,
2016-01-19,1.32,
2016-01-20,1.24,
2016-01-21,1.20,
2016-01-22,1.26,
2016-01-23,.,No value available
2016-01-24,.,No value available
2016-01-25,1.23,
2016-01-26,1.20,
2016-01-27,1.16,
2016-01-28,1.15,
2016-01-29,1.06,
2016-01-30,.,No value available
2016-01-31,.,No value available
2016-02-01,1.03,
2016-02-02,1.03,
2016-02-03,1.01,
2016-02-04,1.01,
2016-02-05,1.01,
2016-02-06,.,No value available
2016-02-07,.,No value available
2016-02-08,0.92,
2016-02-09,0.89,
2016-02-10,0.94,
2016-02-11,0.83,
2016-02-12,0.86,
2016-02-13,.,No value available
2016-02-14,.,No value available
2016-02-15,0.91,
2016-02-16,0.92,
2016-02-17,0.92,
2016-02-18,0.92,
2016-02-19,0.85,
2016-02-20,.,No value available
2016-02-21,.,No value available
2016-02-22,0.87,
2016-02-23,0.83,
2016-02-24,0.77,
2016-02-25,0.79,
2016-02-26,0.80,
2016-02-27,.,No value available
2016-02-28,.,No value available
2016-02-29,0.77,
2016-03-01,0.84,
2016-03-02,0.93,
2016-03-03,0.93,
2016-03-04,0.92,
2016-03-05,.,No value available
2016-03-06,.,No value available
2016-03-07,0.94,
2016-03-08,0.91,
2016-03-09,0.94,
2016-03-10,0.95,
2016-03-11,0.98,
2016-03-12,.,No value available
2016-03-13,.,No value available
2016-03-14,0.95,
2016-03-15,0.96,
2016-03-16,1.00,
2016-03-17,0.93,
2016-03-18,0.86,
2016-03-19,.,No value available
2016-03-20,.,No value available
2016-03-21,0.84,
2016-03-22,0.87,
2016-03-23,0.89,
2016-03-24,0.82,
2016-03-25,.,No value available
2016-03-26,.,No value available
2016-03-27,.,No value available
2016-03-28,.,No value available
2016-03-29,0.78,
2016-03-30,0.75,
2016-03-31,0.78,
2016-04-01,0.78,
2016-04-02,.,No value available
2016-04-03,.,No value available
2016-04-04,0.68,
2016-04-05,0.63,
2016-04-06,0.67,
2016-04-07,0.66,
2016-04-08,0.66,
2016-04-09,.,No value available
2016-04-10,.,No value available
2016-04-11,0.65,
2016-04-12,0.75,
2016-04-13,0.77,
2016-04-14,0.75,
2016-04-15,0.73,
2016-04-16,.,No value available
2016-04-17,.,No value available
2016-04-18,0.71,
2016-04-19,0.79,
2016-04-20,0.76,
2016-04-21,0.82,
2016-04-22,0.83,
2016-04-23,.,No value available
2016-04-24,.,No value available
2016-04-25,0.87,
2016-04-26,0.91,
2016-04-27,0.94,
2016-04-28,0.88,
2016-04-29,0.89,
2016-04-30,.,No value available
2016-05-01,.,No value available
2016-05-02,0.89,
2016-05-03,0.87,
2016-05-04,0.82,
2016-05-05,0.85,
2016-05-06,0.76,
2016-05-07,.,No value available
2016-05-08,.,No value available
2016-05-09,0.76,
2016-05-10,0.74,
2016-05-11,0.72,
2016-05-12,0.77,
2016-05-13,0.74,
2016-05-14,.,No value available
2016-05-15,.,No value available
2016-05-16,.,No value available
2016-05-17,0.77,
2016-05-18,0.75,
2016-05-19,0.81,
2016-05-20,0.78,
2016-05-21,.,No value available
2016-05-22,.,No value available
2016-05-23,0.77,
2016-05-24,0.79,
2016-05-25,0.79,
2016-05-26,0.77,
2016-05-27,0.74,
2016-05-28,.,No value available
2016-05-29,.,No value available
2016-05-30,0.79,
2016-05-31,0.79,
2016-06-01,0.74,
2016-06-02,0.76,
2016-06-03,0.70,
2016-06-04,.,No value available
2016-06-05,.,No value available
2016-06-06,0.64,
2016-06-07,0.64,
2016-06-08,0.58,
2016-06-09,0.55,
2016-06-10,0.52,
2016-06-11,.,No value available
2016-06-12,.,No value available
2016-06-13,0.48,
2016-06-14,0.44,
2016-06-15,0.47,
2016-06-16,0.43,
2016-06-17,0.45,
2016-06-18,.,No value available
2016-06-19,.,No value available
2016-06-20,0.54,
2016-06-21,0.56,
2016-06-22,0.55,
2016-06-23,0.56,
2016-06-24,0.37,
2016-06-25,.,No value available
2016-06-26,.,No value available
2016-06-27,0.29,
2016-06-28,0.32,
2016-06-29,0.32,
2016-06-30,0.32,
2016-07-01,0.28,
2016-07-02,.,No value available
2016-07-03,.,No value available
2016-07-04,0.32,
2016-07-05,0.27,
2016-07-06,0.20,
2016-07-07,0.27,
2016-07-08,0.27,
2016-07-09,.,No value available
2016-07-10,.,No value available
2016-07-11,0.24,
2016-07-12,0.34,
2016-07-13,0.35,
2016-07-14,0.33,
2016-07-15,0.38,
2016-07-16,.,No value available
2016-07-17,.,No value available
2016-07-18,0.41,
2016-07-19,0.39,
2016-07-20,0.40,
2016-07-21,0.44,
2016-07-22,0.42,
2016-07-23,.,No value available
2016-07-24,.,No value available
2016-07-25,0.40,
2016-07-26,0.34,
2016-07-27,0.35,
2016-07-28,0.28,
2016-07-29,0.29,
2016-07-30,.,No value available
2016-07-31,.,No value available
2016-08-01,0.24,
2016-08-02,0.30,
2016-08-03,0.33,
2016-08-04,0.33,
2016-08-05,0.31,
2016-08-06,.,No value available
2016-08-07,.,No value available
2016-08-08,0.34,
2016-08-09,0.34,
2016-08-10,0.30,
2016-08-11,0.29,
2016-08-12,0.31,
2016-08-13,.,No value available
2016-08-14,.,No value available
2016-08-15,0.30,
2016-08-16,0.32,
2016-08-17,0.37,
2016-08-18,0.34,
2016-08-19,0.30,
2016-08-20,.,No value available
2016-08-21,.,No value available
2016-08-22,0.35,
2016-08-23,0.32,
2016-08-24,0.30,
2016-08-25,0.32,
2016-08-26,0.35,
2016-08-27,.,No value available
2016-08-28,.,No value available
2016-08-29,0.37,
2016-08-30,0.35,
2016-08-31,0.32,
2016-09-01,0.38,
2016-09-02,0.39,
2016-09-03,.,No value available
2016-09-04,.,No value available
2016-09-05,0.42,
2016-09-06,0.40,
2016-09-07,0.32,
2016-09-08,0.32,
2016-09-09,0.45,
2016-09-10,.,No value available
2016-09-11,.,No value available
2016-09-12,0.52,
2016-09-13,0.48,
2016-09-14,0.54,
2016-09-15,0.54,
2016-09-16,0.50,
2016-09-17,.,No value available
2016-09-18,.,No value available
2016-09-19,0.54,
2016-09-20,0.48,
2016-09-21,0.45,
2016-09-22,0.41,
2016-09-23,0.36,
2016-09-24,.,No value available
2016-09-25,.,No value available
2016-09-26,0.35,
2016-09-27,0.30,
2016-09-28,0.32,
2016-09-29,0.34,
2016-09-30,0.29,
2016-10-01,.,No value available
2016-10-02,.,No value available
2016-10-03,.,No value available
2016-10-04,0.36,
2016-10-05,0.43,
2016-10-06,0.44,
2016-10-07,0.53,
2016-10-08,.,No value available
2016-10-09,.,No value available
2016-10-10,0.55,
2016-10-11,0.56,
2016-10-12,0.55,
2016-10-13,0.56,
2016-10-14,0.55,
2016-10-15,.,No value available
2016-10-16,.,No value available
2016-10-17,0.61,
2016-10-18,0.57,
2016-10-19,0.54,
2016-10-20,0.54,
2016-10-21,0.48,
2016-10-22,.,No value available
2016-10-23,.,No value available
2016-10-24,0.49,
2016-10-25,0.54,
2016-10-26,0.55,
2016-10-27,0.68,
2016-10-28,0.71,
2016-10-29,.,No value available
2016-10-30,.,No value available
2016-10-31,0.69,
2016-11-01,0.72,
2016-11-02,0.63,
2016-11-03,0.68,
2016-11-04,0.66,
2016-11-05,.,No value available
2016-11-06,.,No value available
2016-11-07,0.66,
2016-11-08,0.65,
2016-11-09,0.70,
2016-11-10,0.78,
2016-11-11,0.86,
2016-11-12,.,No value available
2016-11-13,.,No value available
2016-11-14,0.92,
2016-11-15,0.84,
2016-11-16,0.87,
2016-11-17,0.80,
2016-11-18,0.84,
2016-11-19,.,No value available
2016-11-20,.,No value available
2016-11-21,0.84,
2016-11-22,0.78,
2016-11-23,0.80,
2016-11-24,0.83,
2016-11-25,0.85,
2016-11-26,.,No value available
2016-11-27,.,No value available
2016-11-28,0.82,
2016-11-29,0.81,
2016-11-30,0.81,
2016-12-01,0.95,
2016-12-02,0.93,
2016-12-03,.,No value available
2016-12-04,.,No value available
2016-12-05,0.90,
2016-12-06,0.91,
2016-12-07,0.94,
2016-12-08,0.97,
2016-12-09,1.08,
2016-12-10,.,No value available
2016-12-11,.,No value available
2016-12-12,1.13,
2016-12-13,1.06,
2016-12-14,1.02,
2016-12-15,1.05,
2016-12-16,0.98,
2016-12-17,.,No value available
2016-12-18,.,No value available
2016-12-19,0.98,
2016-12-20,0.91,
2016-12-21,0.88,
2016-12-22,0.87,
2016-12-23,0.87,
2016-12-24,.,No value available
2016-12-25,.,No value available
2016-12-26,.,No value available
2016-12-27,0.83,
2016-12-28,0.81,
2016-12-29,0.79,
2016-12-30,0.83,
2016-12-31,.,No value available
2017-01-01,.,No value available
2017-01-02,0.82,
2017-01-03,0.91,
2017-01-04,0.93,
2017-01-05,0.94,
2017-01-06,0.89,
2017-01-07,.,No value available
2017-01-08,.,No value available
2017-01-09,0.96,
2017-01-10,0.96,
2017-01-11,0.96,
2017-01-12,0.91,
2017-01-13,0.95,
2017-01-14,.,No value available
2017-01-15,.,No value available
2017-01-16,0.97,
2017-01-17,0.92,
2017-01-18,0.97,
2017-01-19,1.03,
2017-01-20,1.08,
2017-01-21,.,No value available
2017-01-22,.,No value available
2017-01-23,1.08,
2017-01-24,1.05,
2017-01-25,1.11,
2017-01-26,1.15,
2017-01-27,1.10,
2017-01-28,.,No value available
2017-01-29,.,No value available
2017-01-30,1.12,
2017-01-31,1.11,
2017-02-01,1.09,
2017-02-02,1.10,
2017-02-03,1.10,
2017-02-04,.,No value available
2017-02-05,.,No value available
2017-02-06,1.08,
2017-02-07,1.04,
2017-02-08,1.05,
2017-02-09,1.00,
2017-02-10,1.03,
2017-02-11,.,No value available
2017-02-12,.,No value available
2017-02-13,1.06,
2017-02-14,1.05,
2017-02-15,1.11,
2017-02-16,1.12,
2017-02-17,1.00,
2017-02-18,.,No value available
2017-02-19,.,No value available
2017-02-20,1.00,
2017-02-21,1.05,
2017-02-22,0.98,
2017-02-23,0.95,
2017-02-24,0.89,
2017-02-25,.,No value available
2017-02-26,.,No value available
2017-02-27,0.85,
2017-02-28,0.88,
2017-03-01,0.94,
2017-03-02,0.99,
2017-03-03,1.00,
2017-03-04,.,No value available
2017-03-05,.,No value available
2017-03-06,1.01,
2017-03-07,1.04,
2017-03-08,1.06,
2017-03-09,1.09,
2017-03-10,1.15,
2017-03-11,.,No value available
2017-03-12,.,No value available
2017-03-13,1.11,
2017-03-14,1.12,
2017-03-15,1.08,
2017-03-16,1.08,
2017-03-17,1.10,
2017-03-18,.,No value available
2017-03-19,.,No value available
2017-03-20,1.08,
2017-03-21,1.12,
2017-03-22,1.03,
2017-03-23,1.03,
2017-03-24,1.05,
2017-03-25,.,No value available
2017-03-26,.,No value available
2017-03-27,1.00,
2017-03-28,1.02,
2017-03-29,1.02,
2017-03-30,0.99,
2017-03-31,1.00,
2017-04-01,.,No value available
2017-04-02,.,No value available
2017-04-03,0.98,
2017-04-04,0.96,
2017-04-05,0.94,
2017-04-06,0.93,
2017-04-07,0.92,
2017-04-08,.,No value available
2017-04-09,.,No value available
2017-04-10,0.88,
2017-04-11,0.87,
2017-04-12,0.85,
2017-04-13,0.79,
2017-04-14,.,No value available
2017-04-15,.,No value available
2017-04-16,.,No value available
2017-04-17,.,No value available
2017-04-18,0.80,
2017-04-19,0.79,
2017-04-20,0.85,
2017-04-21,0.84,
2017-04-22,.,No value available
2017-04-23,.,No value available
2017-04-24,0.95,
2017-04-25,1.00,
2017-04-26,1.00,
2017-04-27,1.00,
2017-04-28,1.00,
2017-04-29,.,No value available
2017-04-30,.,No value available
2017-05-01,.,No value available
2017-05-02,1.00,
2017-05-03,0.99,
2017-05-04,1.03,
2017-05-05,1.04,
2017-05-06,.,No value available
2017-05-07,.,No value available
2017-05-08,1.07,
2017-05-09,1.12,
2017-05-10,1.10,
2017-05-11,1.12,
2017-05-12,1.09,
2017-05-13,.,No value available
2017-05-14,.,No value available
2017-05-15,1.11,
2017-05-16,1.15,
2017-05-17,1.12,
2017-05-18,1.04,
2017-05-19,1.07,
2017-05-20,.,No value available
2017-05-21,.,No value available
2017-05-22,1.11,
2017-05-23,1.14,
2017-05-24,1.11,
2017-05-25,1.08,
2017-05-26,1.06,
2017-05-27,.,No value available
2017-05-28,.,No value available
2017-05-29,1.05,
2017-05-30,1.03,
2017-05-31,1.03,
2017-06-01,1.04,
2017-06-02,1.02,
2017-06-03,.,No value available
2017-06-04,.,No value available
2017-06-05,.,No value available
2017-06-06,1.01,
2017-06-07,1.00,
2017-06-08,1.02,
2017-06-09,0.99,
2017-06-10,.,No value available
2017-06-11,.,No value available
2017-06-12,0.99,
2017-06-13,1.00,
2017-06-14,0.98,
2017-06-15,0.95,
2017-06-16,1.01,
2017-06-17,.,No value available
2017-06-18,.,No value available
2017-06-19,1.00,
2017-06-20,0.97,
2017-06-21,0.95,
2017-06-22,0.92,
2017-06-23,0.94,
2017-06-24,.,No value available
2017-06-25,.,No value available
2017-06-26,0.94,
2017-06-27,0.96,
2017-06-28,1.06,
2017-06-29,1.10,
2017-06-30,1.11,
2017-07-01,.,No value available
2017-07-02,.,No value available
2017-07-03,1.15,
2017-07-04,1.18,
2017-07-05,1.21,
2017-07-06,1.23,
2017-07-07,1.28,
2017-07-08,.,No value available
2017-07-09,.,No value available
2017-07-10,1.28,
2017-07-11,1.30,
2017-07-12,1.25,
2017-07-13,1.24,
2017-07-14,1.23,
2017-07-15,.,No value available
2017-07-16,.,No value available
2017-07-17,1.23,
2017-07-18,1.21,
2017-07-19,1.20,
2017-07-20,1.20,
2017-07-21,1.19,
2017-07-22,.,No value available
2017-07-23,.,No value available
2017-07-24,1.18,
2017-07-25,1.19,
2017-07-26,1.23,
2017-07-27,1.19,
2017-07-28,1.26,
2017-07-29,.,No value available
2017-07-30,.,No value available
2017-07-31,1.25,
2017-08-01,1.18,
2017-08-02,1.15,
2017-08-03,1.15,
2017-08-04,1.11,
2017-08-05,.,No value available
2017-08-06,.,No value available
2017-08-07,1.14,
2017-08-08,1.11,
2017-08-09,1.08,
2017-08-10,1.08,
2017-08-11,1.01,
2017-08-12,.,No value available
2017-08-13,.,No value available
2017-08-14,1.07,
2017-08-15,1.07,
2017-08-16,1.10,
2017-08-17,1.08,
2017-08-18,1.04,
2017-08-19,.,No value available
2017-08-20,.,No value available
2017-08-21,1.04,
2017-08-22,1.04,
2017-08-23,1.06,
2017-08-24,1.02,
2017-08-25,1.05,
2017-08-26,.,No value available
2017-08-27,.,No value available
2017-08-28,1.04,
2017-08-29,0.97,
2017-08-30,1.00,
2017-08-31,1.01,
2017-09-01,1.01,
2017-09-02,.,No value available
2017-09-03,.,No value available
2017-09-04,1.04,
2017-09-05,1.07,
2017-09-06,1.01,
2017-09-07,1.02,
2017-09-08,1.00,
2017-09-09,.,No value available
2017-09-10,.,No value available
2017-09-11,1.03,
2017-09-12,1.05,
2017-09-13,1.09,
2017-09-14,1.10,
2017-09-15,1.12,
2017-09-16,.,No value available
2017-09-17,.,No value available
2017-09-18,1.12,
2017-09-19,1.14,
2017-09-20,1.12,
2017-09-21,1.14,
2017-09-22,1.13,
2017-09-23,.,No value available
2017-09-24,.,No value available
2017-09-25,1.09,
2017-09-26,1.09,
2017-09-27,1.17,
2017-09-28,1.19,
2017-09-29,1.13,
2017-09-30,.,No value available
2017-10-01,.,No value available
2017-10-02,1.14,
2017-10-03,.,No value available
2017-10-04,1.13,
2017-10-05,1.13,
2017-10-06,1.16,
2017-10-07,.,No value available
2017-10-08,.,No value available
2017-10-09,1.13,
2017-10-10,1.12,
2017-10-11,1.15,
2017-10-12,1.15,
2017-10-13,1.14,
2017-10-14,.,No value available
2017-10-15,.,No value available
2017-10-16,1.12,
2017-10-17,1.08,
2017-10-18,1.08,
2017-10-19,1.10,
2017-10-20,1.15,
2017-10-21,.,No value available
2017-10-22,.,No value available
2017-10-23,1.16,
2017-10-24,1.18,
2017-10-25,1.20,
2017-10-26,1.18,
2017-10-27,1.16,
2017-10-28,.,No value available
2017-10-29,.,No value available
2017-10-30,1.13,
2017-10-31,.,No value available
2017-11-01,1.10,
2017-11-02,1.13,
2017-11-03,1.09,
2017-11-04,.,No value available
2017-11-05,.,No value available
2017-11-06,1.07,
2017-11-07,1.08,
2017-11-08,1.05,
2017-11-09,1.06,
2017-11-10,1.15,
2017-11-11,.,No value available
2017-11-12,.,No value available
2017-11-13,1.13,
2017-11-14,1.17,
2017-11-15,1.11,
2017-11-16,1.14,
2017-11-17,1.12,
2017-11-18,.,No value available
2017-11-19,.,No value available
2017-11-20,1.09,
2017-11-21,1.05,
2017-11-22,1.06,
2017-11-23,1.04,
2017-11-24,1.07,
2017-11-25,.,No value available
2017-11-26,.,No value available
2017-11-27,1.05,
2017-11-28,1.04,
2017-11-29,1.07,
2017-11-30,1.07,
2017-12-01,1.03,
2017-12-02,.,No value available
2017-12-03,.,No value available
2017-12-04,1.02,
2017-12-05,1.00,
2017-12-06,0.97,
2017-12-07,0.97,
2017-12-08,1.00,
2017-12-09,.,No value available
2017-12-10,.,No value available
2017-12-11,0.97,
2017-12-12,0.97,
2017-12-13,1.02,
2017-12-14,1.00,
2017-12-15,0.97,
2017-12-16,.,No value available
2017-12-17,.,No value available
2017-12-18,0.95,
2017-12-19,0.99,
2017-12-20,1.04,
2017-12-21,1.10,
2017-12-22,1.08,
2017-12-23,.,No value available
2017-12-24,.,No value available
2017-12-25,.,No value available
2017-12-26,.,No value available
2017-12-27,1.07,
2017-12-28,1.08,
2017-12-29,1.10,
2017-12-30,.,No value available
2017-12-31,.,No value available
2018-01-01,.,No value available
2018-01-02,1.14,
2018-01-03,1.14,
2018-01-04,1.13,
2018-01-05,1.10,
2018-01-06,.,No value available
2018-01-07,.,No value available
2018-01-08,1.11,
2018-01-09,1.12,
2018-01-10,1.15,
2018-01-11,1.14,
2018-01-12,1.17,
2018-01-13,.,No value available
2018-01-14,.,No value available
2018-01-15,1.17,
2018-01-16,1.16,
2018-01-17,1.13,
2018-01-18,1.18,
2018-01-19,1.17,
2018-01-20,.,No value available
2018-01-21,.,No value available
2018-01-22,1.19,
2018-01-23,1.15,
2018-01-24,1.18,
2018-01-25,1.18,
2018-01-26,1.13,
2018-01-27,.,No value available
2018-01-28,.,No value available
2018-01-29,1.18,
2018-01-30,1.22,
2018-01-31,1.20,
2018-02-01,1.23,
2018-02-02,1.27,
2018-02-03,.,No value available
2018-02-04,.,No value available
2018-02-05,1.28,
2018-02-06,1.23,
2018-02-07,1.23,
2018-02-08,1.28,
2018-02-09,1.27,
2018-02-10,.,No value available
2018-02-11,.,No value available
2018-02-12,1.31,
2018-02-13,1.29,
2018-02-14,1.31,
2018-02-15,1.35,
2018-02-16,1.32,
2018-02-17,.,No value available
2018-02-18,.,No value available
2018-02-19,1.30,
2018-02-20,1.33,
2018-02-21,1.29,
2018-02-22,1.29,
2018-02-23,1.26,
2018-02-24,.,No value available
2018-02-25,.,No value available
2018-02-26,1.22,
2018-02-27,1.23,
2018-02-28,1.23,
2018-03-01,1.20,
2018-03-02,1.19,
2018-03-03,.,No value available
2018-03-04,.,No value available
2018-03-05,1.20,
2018-03-06,1.21,
2018-03-07,1.22,
2018-03-08,1.21,
2018-03-09,1.19,
2018-03-10,.,No value available
2018-03-11,.,No value available
2018-03-12,1.19,
2018-03-13,1.17,
2018-03-14,1.17,
2018-03-15,1.16,
2018-03-16,1.14,
2018-03-17,.,No value available
2018-03-18,.,No value available
2018-03-19,1.14,
2018-03-20,1.12,
2018-03-21,1.12,
2018-03-22,1.08,
2018-03-23,1.05,
2018-03-24,.,No value available
2018-03-25,.,No value available
2018-03-26,1.07,
2018-03-27,1.06,
2018-03-28,1.02,
2018-03-29,1.05,
2018-03-30,.,No value available
2018-03-31,.,No value available
2018-04-01,.,No value available
2018-04-02,.,No value available
2018-04-03,1.05,
2018-04-04,1.04,
2018-04-05,1.07,
2018-04-06,1.07,
2018-04-07,.,No value available
2018-04-08,.,No value available
2018-04-09,1.05,
2018-04-10,1.07,
2018-04-11,1.05,
2018-04-12,1.04,
2018-04-13,1.08,
2018-04-14,.,No value available
2018-04-15,.,No value available
2018-04-16,1.10,
2018-04-17,1.09,
2018-04-18,1.05,
2018-04-19,1.09,
2018-04-20,1.14,
2018-04-21,.,No value available
2018-04-22,.,No value available
2018-04-23,1.19,
2018-04-24,1.18,
2018-04-25,1.19,
2018-04-26,1.16,
2018-04-27,1.12,
2018-04-28,.,No value available
2018-04-29,.,No value available
2018-04-30,1.12,
2018-05-01,.,No value available
2018-05-02,1.15,
2018-05-03,1.13,
2018-05-04,1.10,
2018-05-05,.,No value available
2018-05-06,.,No value available
2018-05-07,1.10,
2018-05-08,1.10,
2018-05-09,1.14,
2018-05-10,1.12,
2018-05-11,1.11,
2018-05-12,.,No value available
2018-05-13,.,No value available
2018-05-14,1.15,
2018-05-15,1.18,
2018-05-16,1.17,
2018-05-17,1.20,
2018-05-18,1.21,
2018-05-19,.,No value available
2018-05-20,.,No value available
2018-05-21,.,No value available
2018-05-22,1.15,
2018-05-23,1.10,
2018-05-24,1.12,
2018-05-25,1.04,
2018-05-26,.,No value available
2018-05-27,.,No value available
2018-05-28,1.00,
2018-05-29,0.82,
2018-05-30,0.92,
2018-05-31,0.98,
2018-06-01,0.95,
2018-06-02,.,No value available
2018-06-03,.,No value available
2018-06-04,0.96,
2018-06-05,0.97,
2018-06-06,0.99,
2018-06-07,1.07,
2018-06-08,0.98,
2018-06-09,.,No value available
2018-06-10,.,No value available
2018-06-11,1.03,
2018-06-12,1.07,
2018-06-13,1.04,
2018-06-14,1.07,
2018-06-15,1.02,
2018-06-16,.,No value available
2018-06-17,.,No value available
2018-06-18,1.03,
2018-06-19,1.01,
2018-06-20,1.01,
2018-06-21,1.01,
2018-06-22,1.00,
2018-06-23,.,No value available
2018-06-24,.,No value available
2018-06-25,0.97,
2018-06-26,0.98,
2018-06-27,0.94,
2018-06-28,0.93,
2018-06-29,0.92,
2018-06-30,.,No value available
2018-07-01,.,No value available
2018-07-02,0.89,
2018-07-03,0.90,
2018-07-04,0.86,
2018-07-05,0.90,
2018-07-06,0.88,
2018-07-07,.,No value available
2018-07-08,.,No value available
2018-07-09,0.90,
2018-07-10,0.90,
2018-07-11,0.88,
2018-07-12,0.90,
2018-07-13,0.86,
2018-07-14,.,No value available
2018-07-15,.,No value available
2018-07-16,0.89,
2018-07-17,0.89,
2018-07-18,0.88,
2018-07-19,0.88,
2018-07-20,0.87,
2018-07-21,.,No value available
2018-07-22,.,No value available
2018-07-23,0.92,
2018-07-24,0.94,
2018-07-25,0.91,
2018-07-26,0.94,
2018-07-27,0.94,
2018-07-28,.,No value available
2018-07-29,.,No value available
2018-07-30,0.96,
2018-07-31,0.97,
2018-08-01,0.98,
2018-08-02,1.00,
2018-08-03,0.96,
2018-08-04,.,No value available
2018-08-05,.,No value available
2018-08-06,0.94,
2018-08-07,0.92,
2018-08-08,0.93,
2018-08-09,0.94,
2018-08-10,0.88,
2018-08-11,.,No value available
2018-08-12,.,No value available
2018-08-13,0.85,
2018-08-14,0.86,
2018-08-15,0.87,
2018-08-16,0.85,
2018-08-17,0.83,
2018-08-18,.,No value available
2018-08-19,.,No value available
2018-08-20,0.84,
2018-08-21,0.85,
2018-08-22,0.86,
2018-08-23,0.87,
2018-08-24,0.87,
2018-08-25,.,No value available
2018-08-26,.,No value available
2018-08-27,0.90,
2018-08-28,0.90,
2018-08-29,0.92,
2018-08-30,0.93,
2018-08-31,0.89,
2018-09-01,.,No value available
2018-09-02,.,No value available
2018-09-03,0.87,
2018-09-04,0.89,
2018-09-05,0.91,
2018-09-06,0.92,
2018-09-07,0.90,
2018-09-08,.,No value available
2018-09-09,.,No value available
2018-09-10,0.96,
2018-09-11,0.97,
2018-09-12,0.97,
2018-09-13,0.96,
2018-09-14,0.97,
2018-09-15,.,No value available
2018-09-16,.,No value available
2018-09-17,0.98,
2018-09-18,0.98,
2018-09-19,1.01,
2018-09-20,1.01,
2018-09-21,1.00,
2018-09-22,.,No value available
2018-09-23,.,No value available
2018-09-24,1.00,
2018-09-25,1.03,
2018-09-26,1.03,
2018-09-27,1.00,
